Esse final tem outra etapa do circuito adidas ... vamos que vamos ...;1
Colocando o cadarço do adidas da @user;0
meu tênis chego porraa aeeee! ADIDAS vespa px mid uhuu;1
Participação na última prova de 10k no ano: Circuito das Estações Adidas com a companhia do @user. Tempo líquido de 00:53:06.;0
Chuteira Adidas #F5;0
Tempo de hoje...00:51:08...melhor tempo que já fiz nos 10km da Adidas dedicado a Xuxinha;;1
Chuteira Adidas Campo - Nova - Nº 41 ~http ;0
Fiquei satisfeito com o resultado da última etapa do circuito Adidas 2010... 55 Minutos e 40 Segundos ...;1
fiquei cabreiro hoje entrei no site da adidas e vi que la nao mostra que eles patrocinam clubes brasileiros; só tem foto de camisa europeia;-1
KKKK ~http  Vc Nao entra na chácara Traira RT“@gabriel_oficial: @user to levando uma pro ce da nike porq adidas ta foda rs;0
Tênis mistura Adidas Superstar com visual do Facebook : ~http  Tua cara @user;0
#sorteio Sigo @user e @user Quero ganhar 1 conjunto ADIDAS ~http ;0
Celular Adidas - ~http ;0
70 reais a inscrição pro circuito estações adidas lol Vou correr a de novembro !;1
Jaqueta de Couro; Adidas no pé; Baque de heroína e acelerar a 7 Galo com aquele adesivo do nº 13 na frente pelas ruas de SP. #serialkiller;0
AD NEWS: Adidas estreia websérie customizada no site da Capricho - ~http ;0
Uma das melhores e mais inspiradoras propagandas que já vi. Adidas All in =) ~http;1
Circuito das Estações adidas 2011 - ~http  #circuitodasestacoes;0
BNoite Twittersrun. Bom encontrar amigos na Adidas Inverno em SP. Blog atualizado. Abracos ~http  SMAM RUNNINGDIVAS;1
ae mlkada o @user vai me arranja uma regata da nike e uma da adidas *-* ; AHHAHAAH';1
Delicada como Boneca: SORTEIO DO BLOG : Secador rosa e Perfume Adidas ~http;0
Uma ótima idéia para a utilização das mídias sociais: adidas | name the London 2012 official match football: ~http ;1
tenho uma Adidas Predator Absolute pra vender :D;0
Estou feliz com o tempo que consegui fazer na corrida do circuito Adidas etapa primavera.;1
tenho uma chuteira da adidas pra vender  :p;0
TWITTERSRUN MIDIA SPORT DIVULGA AS FOTOS DA aDIDAS iNVERNO sp 2011 ~http ;0
Muito Bom ^^ @user ótimo! Adidas faz vídeos interativos em nova campanha: ~http ;1
Literalmente muitooo feliz ... ganhei um tenis da adidas mt shou .. adoreiiii*--*;1
TWITTERSRUN o2 DIVULGA AS FOTOS DO ADIDAS SP INVERNO ~http ;0
