apple processa a samsung no japão notícias techtudo http via user;0
é o jacki chan rt user esse é dos meus hahahahahahah http user assiste recomendo ;1
eras o samsung galaxy tab e muito lerdo para twitar;-1
 dizem que a coisa mais triste que o homem enfrentará é o que poderia ter sido ;-1
testando novos aparelhos nokia 5233 e samsung corby merda ;-1
batendo cabeça com samsung corby;-1
loogoo mais moicano voo ficaa gatãao h d;1
 bigfollow vip e expresso muito barato mesmo http ;1
falha no ie duvido rt user microsoft confirma vulnerabilidade no navegador internet explorer http ;-1
 se esta vadia falar alguma merda para mim nossa eu rodo a baiana aqui hein ;-1
raiva vou ter que ir com meu nike dinovo pra escola minha mãe lavou meu all star;-1
que legal brasil ganha prêmio nas olimpíadas de tecnologia da microsoft em http ;1
duvida cruel shift del no infinite stratos ou devo gastar um dvd r com esta porcaria ;-1
câmera digital sony dsc wx7 16mp vídeos com qualidade hd 1080i fotos em 3d e muito mais http ;0
esse final tem outra etapa do circuito adidas vamos que vamos ;1
paulinhoo loopes o famoso brankelo da nike teamo mto meo brankelo irmãozinho do conceito gatoo lt 3;1
parabéns rt user alphaville sjc é nosso vamos fazer a campanha de incentivo a campanha de mercado ficou com a eugênio ;1
a user e user vão sortear uma camisa nike oficial da seleção brasileira pelo twitter saiba como no link http ;0
 cristiano ronaldo s nike speed test http ;0
é gente agora a sony vai acabar de ser estuprada mesmo ;-1
participem da comunidade da musica do user não é normal gt;0
que isso galeraaaa timinho de merda que num aceita perder que isso o0 cade a policia pra apartar isso velho tomanocú;-1
 feriadoébompara andar na praia já fuiiiiiiiiiiii;1
 ele é casado e eu sou a outra na vida dele que vive qual uma brasa por lhe faltar tudo em casa mariabethânia ;-1
estou neste exato momento aguardando que o atendente da sony thiago me passe as primeiras informações quanto ao prazo de conserto ;0
eu ja estourava minhas contas normalmente eu nao quero pensar em como vai vir medo ;-1
 eu quero ganhar o mouse sem fio da microsoft que o user está sorteando http promosd ;1
acabei de lembrar da festa linda do user a base de valesca final dos tempos kkkk;1
agora eu acho que o ronaldinho vai jogar a bola é da nike ;1
 o bing é um buscador a única coisa que ele acha é o google ;-1
 amar não e pecado luan santana sucesso ;1
alguem ai sabe editar video ;0
 eiaovivo o que vale mais copa audi ou copa da hora ;0
mto feliz ⹥ era o depo q eu mais queria ver ;1
nossa dormi em um dia de chuva como o de hoje não tem preço x;1
eu sigo user e quero ganhar uma câmera digital samsung 14 2 na promoção http;0
photo ⠺ você já se pegou tentando lembrar de cada palavrinha dita naquela situação apenas para poder http ;0
aeeee o celular novo chegouuuu samsung galaxy sii empolgadasso ;1
acordei de mau humor vou malhar pra melhorar até mais tarde twitter ;-1
nuss que raiva não to conseguindo salvar os meus videos comentados aqui no sony vegas pro 10 s;-1
cara e cada gala seca que velho não tem como não ficar puta pqp transtornada de odio me tremendo nem conseguindo escrever direito;-1
eu queroooooooooooooo rt user o boné nike do centenário ficou irado http ;1
 estou de aviso prévio novamente não é notícia de 1º de abril ;-1
segunda vez que empurram a barreira do inter na falta ;-1
capa em silicone gel s type curve tpu premium para smartphone samsung galaxy sii apenas r 39 90 frete grátis http ;0
o melhor cheiro é o cheiro que fica na sua roupa depois de você ter abraçado alguém que você gosta muito ;1
quero um nintendo wii p jogar just dance me dá ;1
sem luz sem ar nesse calorrrrr ninguem merece;-1
 logomarca com nome novo criada e enviada um trabalho a menos rs;1
show do seu jorge logo mais ;0
lançamentos sony para seu iphone 3gs http;0
eu apaixonei com a camisa do fael de ontem tinha as cores da bandeira da jamaica e etc hahahaahahha;1
ah minha fessora de pilates disse que eu melhoei sessenta por cento desde a primeira aula detalhe que essa foi a terceira d;1
boooa tarde ;1
uhu que loooooco sony vaio e um note da hora computador aqui nao falta kkk;1
⠼eu quero conquistar a minha independência digital com o samsung star que o user está sorteando http ;0
depois do ataque que sofreu sony diz que terá seguro contro roubo de informações vem aí uma taxa de uso da psnetwork ficaadica wtf;-1
aaaaaaah o luan tem qe levar pelo menos um premio ;-1
vcs reclamam da demi pq ela fez uma tatoo junto com as amgs tem gnt que não rabisca nem o nome do bff no braço com canetinha vagabunda;-1
vende se nintendo wii edição especial 25 anos 2 controles 2 nunchuks destravado com hd externa e 125 jogos algum intressado ;0
3 minutos para a apresentação da nintendo na e3 2011 ;1
pelooooooooooo de deus alguém sabe como desbloquear msn ta tenso aqui em;-1
a microsoft se supera wins 7 é melhor que o vista mas pior que o xp quemexplica ;-1
eu quero ganhar o nintendo wii que o user vai sortear dia 27 10 20 00 hrs rt e follow user http ;1
torneio pokémon para nintendo ds em brasília gyms fighting e steel de johto 31 07 no pátio brasil mais informações http ;0
hoje a noite as 21 00 o speed irá transmitir a 2 etapa do audi dtcc que foi realizada no user assistam ;0
diazinhoo chato ;-1
só de pensar qe amanhã tem escola me dá um desânimo d ;-1
é muito bom ir dormir sabendo que amanhã nao precisarei acordar cedo pra ir pra porra daquela escola;1
hoje tive o prazer de conhecer o user aqui no audi dtcc grande piloto e excelente pessoa ;1
tênis ou sandálias ⠴ nike dunk http ;0
é amanhã hein o grande dia o sorteio do hd externo samsung 500gb e quem está confiante da rt http 0 ;1
sigam e rt user user sorteio em 07 01 hd 1 5tb samsung http http ;0
colocando o cadarço do adidas da user;0
fiz torrada de chocolate o e tava muito bom o;1
o cara de teardrops on my guitar é o tyler hilton ou é impressão minha ;0
boa noite pra mim yn bjbj ;1
2° jogo da copa audi bayern de munique x milan copaaudinoei partiu;0
eu vou ganhar 1 tablet samsung galaxy dia 30 06 2011 estou seguindo user e concorrendo de rt e concorra tb infos multiloja com;0
adóóógo escrever monografias elas são um ótimo sonifero ;1
meu tênis chego porraa aeeee adidas vespa px mid uhuu;1
só eu nao gostei do nintendo 3ds ;-1
participação na última prova de 10k no ano circuito das estações adidas com a companhia do user tempo líquido de 00 53 06 ;0
 se eu fosse um cara⠦ eu acabei de dizer ⠼se eu fosse um cara⠽ chandler bing de f r i e n d s ;0
haha o engraçado é que por enquanto quem tem mais cupons dos que cliquei sou eu ;1
quem nunca jogou mario no super nintendo não sabe o que é se divertir pisando nos outros ;1
meu deus o sony ericsson é identico ao psp ;0
quero vê qual vai ser a proxima mentira que vai rola aki pra tentarem ganhar mais followers ;-1
eu thaaiis sz tookoo e a user estamos jogando nintendo ds da camila ;0
ultima semana de ferias fudeu;-1
eufenismo paris hilton para que te quero ;-1
eu ganhei um celular novo w20 sony ericson;1
jaqueta nike corinthians n98 centenário promoção de r 229 90por r 159 90economia de r 70 00 30 44   http vía user;0
dica do dia rendas blusa verde com detalhe em renda preta maravilhosa http ;1
nao esqueca da promo do user quero ganhar um hd samsung 320 gb do user siga e rt http sorteio;0
vai rola tetinha julieta2point0 live on http ;0
quer um nintendo 3ds na faixa a user e a user resolvem pra você rt agora e concorra 89fmgames http ;0
q vontade de sumir to completamente sem rumo sem direção sem saber o q fazer ;-1
vou comprar um nike colorido em maio o meu freeday ta ficando zuado s;-1
meeeeeeeeeeu deus como ta friiiiiiiiiio s;-1
assistindo brasil x portugal no esporteinterativo e ajudar no twitter rumoaopentanoei d;0
está a cada dia mais dificil segurar isso em minhas mãos pesado;-1
meus batimentos cardíacos ⠺ falando sobre a lua e o arthur ⠺ ⠺ vendo a lua e o arthur ⠺ ⠺ conhecendo a http ;0
tem gente que nao muda mai tu é mto fidiputa msm viu ;-1
será uma estratégia da microsoft para promover seu buscador novo subordinou um cara da google q fez dar pau em td conspirações;-1
cada um que me aparece o muleke colocou no facebook nike shox pah h ;-1
vander show o menino tem futuro pra cima deles mengao;1
jah baixei jogo de super nintendo rsrs classico rsrss agora vou tomar banho e ver a user meu amoor linda te amoo;1
hackearam cartões na psn se fosse eu os usava pra comprar vários wii e xbox360 e mandava entregar pro ceo da sony nos eua;-1
tudo sobre as partidas de ontem pela uefa champions league uefa europa league e copa audi http;0
já tem sua musica pra baixar em algum lugar wesleyiporti live on http ;0
photo ⠺ ⠼não deixe que os seus medos tomem o lugar dos seus sonhos ⠽ ⠺ ⠺ walt disney http ;1
sempre fui comportada mais agora estou pensando que se dane 8 ;-1
cara e se eu disser que eu to com o meu super nintendo aqui do meu lado sparkster time ;1
chuteira adidas f5;0
eu considero um pecado da sony estar lançando esse álbum póstumo do mj qual o próximo passo abrir o seu túmulo para ele gravar um clipe ;-1
aiiiii que demora pro meu amor chegar ;-1
qm colocar aguentamarasco ira concorrer a um ipad 5 e uma tv samsung 87` 3d;0
preparando para segunda feira evento microsoft serviço mais software especial azure microsoft são paulo ;1
tudo sobre as partidas de ontem pela uefa champions league uefa europa league e copa audi http;0
ganhe um playstation 2 slim sony na promoção mamãe bebê do site de vendas da user clique e concorra http;0
frozinho chato ;-1
ou eu assisto essas danadas ou assisto as aula de matemática aplicada também conhecida como incentivo ao suicídio ou seja ;-1
to indo nessa que tem que troca os peneus ;0
diário lucas mergel já saiu http ⶸ principais notícias de hoje via user user;0
aí bem que o fernandão poderia vir pro inter pra se aposentar e fazer a despedida contra o barcelona na audi cup seria uma boa ;1
foi só eu ou o juiz hj deu uma forcinha de novo fágner era claramente para ter sido expulso além de um penal não marcado no dinei ;-1
aff na escola agora com alana esta um saco;-1
câmera digital sony dsc w530 14mp 12x de r 32 08 sem juros http ;0
tempo de hoje 00 51 08 melhor tempo que já fiz nos 10km da adidas dedicado a xuxinha ;1
chuteira adidas campo nova nº 41 http ;0
meu msn tah uma merd nem vou me estressar ;-1
flamengo x figueirense hojeee ;1
assistindo justin biba 2 eu nao me canso de ver os videos do user;1
atenção alunos de cursos oficiais microsoft faça o download do companion content http ;0
monitor samsung 15 6 polegadas por r 33 90 mensais http ;0
too mega feliz ganhei meu nike 6 0 hj ;1
hoje passei o intervalo inteirinho com a user gt lt ;1
eu quero ganhar um netbook novinho da samsung sorteado pelo user dê um rt http sorteio pelo http 1;0
oi galera hoje nossa turma se superou e mostrou seu talento né q isso estamos de parabéns amigos hahaha d;1
samuel falando que eu faço mt falta cute disse que essa música ele ouve e lembra de mim http ;1
eu estou falando com a user com o user e com o user;0
 tafalado user é que esse encontro no melhoresdoano é muito legal o tio gosta de ver artista prontofalei;1
a loira chega a um bar e pergunta ao primeiro que vê onde fica o banheiro ele responde é do outro lado continua ;0
alguem me diz se notes da samsung prestam ;0
 kinext um avatar kinect mais realista microsoft trabalha nisso http kinect xbox;0
meu batata que a paris hilton é de plástico ela veio de alguma fábrica da mattel http;-1
filme devassa com a garota que não gosta de beber paris hilton http ;0
assiste esse vídeo do meu projeto watch my project video http ;0
acabei de votar nos meus artistas favoritos no prêmio multishow votá lá premiomultishow http ;0
finalmente lembreei di carrega a bateria do meu nintendo ds ixl hsuahsua mó cota ki num jogo;1
sonhos se realizam será que a nike finalmente vai lançar o tênis q se amarra sozinho aquele do mcfly http via user;1
bando de inutil nao sabem em q esse guri ninca vai da bola pra vcs unica coisa em q eu digo é q vo ri muito quando vcs chorarem por ele;-1
paris hilton chiclete de bola cartão de crédito;-1
promoção ludor câmera sony s1900 por r 319 00 sony brasil preço com qualidade só a ludor tem ;0
mais uma vez levei o mp3 w202 da sony para a assistência técnica na data de ontem dia 23 08 vamos ver quanto tempo levará até a devolução ;-1
promoção quer ganhar um laptop sony vaio dê um rt siga user e user para concorrer http ;0
alguem tem o celular samsung galaxy 5 ;0
bomm q somos so nos duas as chances sao maiores do q se fosse com 10 meninas user;1
fiquei satisfeito com o resultado da última etapa do circuito adidas 2010 55 minutos e 40 segundos ;1
kkkkkkkkk o pessoal da sony coloco vmb kkkkkkk bando de burros;-1
ah que saudade do meu neném ;-1
 brandsclub esperando nintendo wii por 499 reais ;0
⠼eu quero almoçar na companhia de user⠽255;1
 linkk audi apresenta elétrico a2 http ;0
foda se vc microsoft foda se vc biiilll gates morre diabo ;-1
vontade de jogar super nintendo p;1
⠼eu quero conquistar a minha independência digital com o samsung star que o user está sorteando http ;1
bonchi bonchi bom bom bom kkkk momentoretardada;1
ganhe um playstation 2 slim sony promoção do site de vendas da user clique e concorra http premiosparavoce;0
tava la no user fumando narguile e bem na hora que a gente ia começar a jogar nintendo e mãe pediu pra eu ir pra casa que merda ;-1
leo moura é o meu saco esse merda nao fez 1 jogada certa ;-1
a lady gaga queimouseufilme ao ir vestida de bife no mtv awards sendo que existe um monte de gente que ainda passa fome no mundo ;-1
salvei uma pessoa de ter câncer de pulmão faça vc também a sua parte d;1
guerreiroo guerreiroo guerreiroo time de guerreiro ;1
obrigado user;1
vo jogar meu super nintendo haha é velho mais é o melhor;1
oiee gentee acabei de chegaa da fazendaa muitoo bom dd carnaval perfeitoo ;1
kit relógio 3 pulseiras nike cuff de r 199 90 por r 99 90 http via user;0
aaa q dia mais chato hoje acho que vou jogar um pouco de nintendo wii depois eu volto;-1
photo ⠺ quando se trata de amor nunca é tarde demais cartas para julieta http ;1
indo dormir boa noite a todos d;1
conexão tecnológica microsoft anuncia planos para um sdk do kinect http ;0
alguem indica eu ;0
imagineday dia 16 de novembro às 10horas na estg do ipleiria neste evento info sobre imagine cup 2010 da microsoft final em newyork;0
baixando umas musics aqui no trampo ;1
lou dormiu aqui de ontem pra hj dafne ta vindo daqui a pouco pra gnt assistir um filme yay lu;1
eu quero ganhar um netbook novinho da samsung sorteado pelo user dê um rt http sorteio pelo http 02;0
em uma escala de 0 10 a música da propaganda de 15 anos da sony é ruim 245733 ;-1
jogando donkey kong nossa tirei meu super nintendo do bau ;1
mais que sacanagem é essa ;-1
ter você é meu desejo de viver ⹪;1
amanheceu um friozim hoje ein gosto disso não da uma preguiça de tomar banho;-1
bom dia a todosssssssssssssss ;1
manda abraço pra mim aprendi quase todas minhas musicas com voces cifraclub live on http ;1
eu quero ganhar 1 tablet samsung galaxy dia 30 06 2011 estou seguindo user e concorrendo de rt e concorra tb infos multiloja com;0
mais de 100 vezez que o luan entra e não me responde bua;-1
você é sempre chato assim ou só quando esta acordado ;-1
nessa tal de copa audi ou só vale empate ou milan e inter são muito fracos ;-1
 ganhe um playstation 2 slim sony promoção mamãe bebê do site de vendas da user clique e concorra http ;0
tudo sobre as partidas desta quarta feira pela champions league europa league e copa audi http ;0
quero ganhar uma bela camera digital samsung es65 é só seguir a user e concorrer http;0
games e tecnologia brasil sony apresenta no brasil a tecnologia 4k de cinema digital http ;0
poise não vc não entendeu ele tem o pessoal dele que é o ronaldo cruz;0
eu quero ganhar o nintendo wii que o user vai sortear dia 27 10 20 00 hrs rt e follow user http ;0
bom dia acabei de acordar com muita dor no ombro ;-1
promoção quer ganhar um laptop sony vaio dê um rt siga user e user para concorrer http ;0
fui no dentista hj e dps passei na casa do user d tava jogando nintendo wii b;1
um foda se para esse avateres que que dizem me segue que eu te sigo e so kaô pela ultima vez so sigo quem em seguir ;-1
nao entendo como um ipod eh melhor q um sony vaio nao entendo mesmo ;-1
 louvosão sexta è nòs quero ver tods là 93 è o melhor ;1
atacando de dj paris hilton quer competir com david guetta e planeja lançar álbum de house music http senta lá paris ;0
soou tão viciiado em super nintendo que tenho 3 emuladores no pc huhuahauh supernintendomaniacs;1
quando a vida te obriga a enfrentar gente malvada devemos pensar que ela é uma lixa ela pode te arranhar;-1
video a sony publicou nesta quinta quatro vídeos falando sobre seu novo portátil que foi batizado http ;0
tudo sobre as partidas desta quarta feira pela champions league europa league e copa audi http ;0
alguem tem um super nintendo com o mario world pra emprestar ;0
booom dia bom domingo para todos ;1
ainda não acabou ;-1
comecei o dia ótimo hje ;1
é cada coisa muitaa saudade da época que restart era o botão do nintendo ;1
xinga o justin barbie mas usa um nike igual ao dele fail pecesiqueira live on http ;-1
chegar aos 100 irei sortear uma maquina sony rosa de 540 mega pixels ;0
gostei do tenis azul la d eu tenho a nike 6 0 preto p;1
 so esperando outro black out safados fazendo fraude quem ta dirigindo um audi nunca tomou banho de balde ;-1
 agora a nintendo tem que rezar para a user conseguir mudar jogos para arte senão ficará dificil para a nintendo no brasil user ;-1
a microsoft marcou uma era é inegável acabei de ver que eles tem software pra desenho de flowchart tudo o que eu precisava ;1
obrigado internet banda larga conferência da sony agora e3;1
lançamento da sony psp2 mt show galera http ;1
ganso seu fdp como tu te machuca seu caralho agora não vai mais jogar aqui vai fazer um fortalecimento muscular porque tá foda ;-1
saindo aqui amores da minha vida razão da minha existência ;1
marquinho manda uma camisa pra mim d oficialflu live on http ;1
que bom menos um problema agora só me faltam 2 pra resolver hj ;1
essa propaganda da sony e muito boa ;1
cheguei da loja ja comprei meu xbox 360 agora se pah hj vo volta pra compra a tv de 42 da sony outro presente de niver ;1
1 e 6 da manha e eu tuitando daqui do quarto do hotel mt bom hj comprei um nike shox e uma gap hoodie;1
video muito legal do audi dtcc etapa campo grande http parabéns a user;1
⠼não contem para ninguém mas o brasil é o meu país favorito ⠽ demi lovato;1
comprei um short da nike e o meião canguru da penalti preto pra jogar no interclasses d;1
dizem que a agua na ponte nova ja eras alguém confirma ;0
aguardando resposta da sony music vamos torcer para ser o site oficial do mws no brasil;1
tenhoo muito orgulho de ser corinthianaa diadocorinthians ⹥;1
fiquei cabreiro hoje entrei no site da adidas e vi que la nao mostra que eles patrocinam clubes brasileiros só tem foto de camisa europeia;-1
odeio sair com minha familia;-1
oii user cat;0
 sigam e rt user sorteio em 14 01 monitor tv 24 full hd samsung p2470hn http ;0
namoraaaaaaaaal qe filha da putaaaaaaaagem velho odeio esse tipo de beijo qe você não sabe o significado ;-1
confiram 3 das músicas do nosso ep no http ;0
eu baixei um monte de filtro e efeitos especiais pro meu sony vegas meus videos vão ficar lindões agora lt 3;1
nenhuma situação é tão complicada que uma mulher não posso piorar ;-1
 o papeis coadjuvantes disputados foram o de luna lovegood lila brown e apenas 7 mil garotas se escreveram para interpretar cho chang ;0
microsoft inicia divulgação de seu tablet microsoft courier http;0
se tudo der certo vou pra ivinhema fazer outro curso sexta que veeem 0 aproveitar que o papis ta investindo ;1
chegaram os brindes da microsoft pro mtd2010 ;0
acabo de descobrir um dos melhores sites sobre nintendo do país user sensacional ;1
não creio achei um super nintendo na casa do meu primo isso merece uma bora roda de de mario kart ;1
boa noitee ;1
meudeus tentar achar um jogo pra nintendo wii barato é mesma coisa que tentar achar uma lente de contato na piscina;-1
joogando nintendo dsi aô mariio que não presta kkkkkkk ;-1
sorteio de um playstation 2 slim sony promoção mamãe bebê do site de vendas da user clique e concorra http ;0
photo ⠺ pessoas dramáticas me irritam profundamente mas sou a pior que já conheci ⠺ ⠺ prefira borboletas http ;-1
 copaaudinoei copa audi ao vivo no ei agora;0
tênis nike encosto alto w por apenas r 249 90 http ;0
o celular do pai chegou hoje é o novo lançamento da samsung duos tv digital to tentando conquistar ele a pedir um pra mim ;1
centro de suporte microsoft fix it solução de problemas de software http ;0
quero ganhar o ingresso pro rock in rio ou a câmera pl100 da samsung que o user tá sorteando quer também http ;0
você curte tatuagens pretende fazer é contra conta pra gente http ;0
apple obtém liminar que proíbe venda de três celulares samsung http ;0
minha mãe está pensando em comprar o nintendo wii dou maior força pra ela kkkk xd;1
uau fundação leiloa duas unidades cromadas do audi r8 spyder http g1;1
sabe a música do tumblr da user é muito linda haha;1
q palhaçada eh essa colocaram um papel escrito tinta hoje aki na porta ai ai t t;-1
muito bom poder adorar junto com meus irmãos da ibc cabo frio é shu;1
passei nas provas de mat e física ;1
ponei maldito ponei maldito lá lá lá ponei maldito ponei maldito lá lá lá;-1
amanha vou ouvir o user cantando estou mais do que emocionado;1
kkkk http vc nao entra na chácara traira rt⠼ gabriel oficial user to levando uma pro ce da nike porq adidas ta foda rs;0
bom dia hj é sexta amanhã chega visitas ilustres prima nike e amiga cely bom d ;1
não comprem nada na insinuante com comprei 1 mp3 da sony nesta loja virtual e demoraram quase 30 dias pra me entregar o produto to fora ;-1
ganhe um playstation 2 slim sony promoção mamãe bebê do site de vendas da user clique e concorra http ;0
dormir agora amanha viagem longa go user ;1
è muito barato pra mandar cartas eu pensava q era caro kkkkkkkkk vou mandar pro user semana q vem ou até essa mesmo ;1
tonyhawk o lendário do skate ;1
consegui ela penso em mim uashuashuashauhas;1
tem um gato da minha vizinha que quando ele me vê ele corre séra que soou tão feio ;-1
 legendarios ao vivo http me segue ai pessual keveexd vlww;0
kkkkkkk bom dia ;1
mandaram muito bem meninos d carlosdlucka live on http ;1
essa minha mamis ta de brincadeira mesmo olha meu caderno de quem é esse caderno feio ¬¬;-1
odeio quando a sony fica com a legenda atrasada odeio quando a sony fica sem legenda mas ficar tudo preto é de foder ;-1
a bateria do meu nintendo ta acababando tenho que sair tchau gente;-1
 eguamolek rt user sony lança binóculos que gravam vídeos em full hd e 3d http ;0
booa tardeee que diia de sol mais lindoo há alguns dias não tinhamos um dia tão lindoo ;1
almoçando p dps ir p cabelereiro;0
bom dia galera alo final de semana chego em casa q eu naum vô fia é sexta feira vô sai vô farria ;1
se eu não fosse fazer ciências biológicas com certeza ia fazer música ;0
mania maldita dessas empresas usarem tecnologias da microsoft em sites podres;-1
quero ganhar webcam microsoft da user para me conectar com user http ;0
 kibomseria se meus pais entendessem que tenho quase 18 anos e preciso de privacidade ;-1
mas a minha torta de limão ainda é a melhor do mundo vão fazer fila aqui por conta da minha propaganda rsrs ;1
as pessoas que menos imaginamos são as que mais nos descepcionam x;-1
 9 dez promoção microcomputador celeron 430 n3 1gb 250gb sata dvd monitor samsung lcd 15 6 de 1064 por 949 10x http ;0
tem gente ingrata nesse twitter viu aff;-1
nossa hj meu dia começou chaaaato acordar trabalhar ter que aguentar akele povinho td é froide;-1
parabéns para a equipe brasileira signum games vencedora da olimpíada tecnológica organizada pela microsoft ⠼imagine cup⠽ ;1
muito legal essa matéria no nike corre sobre a meia maratona de halloween nos eua http ;1
agr siim tudo correndo como agente queriia dia 6 7 promoteee d;1
 sandynagabi parabéns edu thanksjimcarey edu sandoca paçoca panteras microsoft brasil esses tt br ainda aff ;1
atenção hoje microsoft pdc10 sessões transmitidas em directo de redmond usa http inicio da keynote 17h;0
bom dia hj é sexta amanhã chega visitas ilustres prima nike e amiga cely bom d ;1
lançamentos sony para seu iphone 3gs http ;0
 http cliquem ae lindos pra me ajudar a ganhar uma camisa do greenpeace d d ;1
eu achei um da nike igual ao da dems tô em dúvida se levo ele ou um outro que eu gostei ;0
24 11 promoção webcam lifecam vx 2000 microsoft yfc 00002 de 99 00 por 79 00 3x http ;0
quee chuva em santa maria cheguei em agudo agora beleza esse feriadinho 8 ;1
bom dia gente nossa acordando uma hra dessa o o;1
ele não desiste de você ele se importa com você ele compreende o seu caminhar nunca vi um amor tão grande assim ele não desiste ;1
é maravilhoso sentir o poder da ação de deus em nossas vidas ;1
o programa students to business da microsoft brasil está com as inscrições abertas para 80 vagas em cursos de capacitação gratuitos o p⠦;0
 ganhe um playstation 2 slim sony promoção mamãe bebê do site de vendas da user clique e concorra http ;0
o brasil não pode continuar assim uol notícias uol http via user;-1
porque a barra sempre tem que ter um engarrafamento fuderoso que porra quase três horas pra chegar em casa eu eim u u;-1
lu quando vem para uberlandia lualone live on http ;0
 seu idioma eh holandes r italia meu deus do ceu q burra domigaodofaustao;-1
saiba quais pessoas no twitter que não te seguem http ;0
pra quem não sabe o que me dar to querendo trocar meu celular quero um samsung galaxy s ou um sii to em dúvida ainda ;0
tudo sobre as partidas de ontem pela uefa champions league uefa europa league e copa audi http ;0
bom dia que dia perfeito qro praia ;1
quem não tem amor em casa vai se ajeitar na rua se você não tem pra dar sei que a culpa não é sua 8 ;-1
aqip as hp12c estão galros 380 e nas gurias 260 a sony is15 está na multisom 499 nas gurias 305 td com nf e garantia ;0
tudo sobre as partidas de ontem pela uefa champions league uefa europa league e copa audi http;0
e o neymar jogou muito ontem selokoooo;1
toda a equipe mc tubarão já está em campo grande com a audi dtcc ;0
 neymar foi engolido pela monstro do deslumbramento perdeu toda noção da boa educação http ;-1
concorra um nintendo wii apenas se cadastrando aqui http;0
boa noite promoção nintendo wii black destravado volante mario kart original somente r 699 mdpaulista mdpaulista com br;0
tomar banho me trocar e ve qual é daquela festa das naçoes s;0
esse nike sim é vida k ;1
último jogo do abc que eu volto em direção a esse apartamento que triste;-1
em sampa clima delícia trânsito nem tanto bora pro evento microsoft isv executive meeting ;1
cheguei da academia agora ;0
passando para ver os tt s e sentido inveja do celular top do meu irmão samsung andróide;-1
aeww esses dias vou me empennhar aoo maximoo akii no meu twitter pessoal praa ver se consigoo nee tentar nao custaa nada;1
terminamos de assistir cartas para julieta e fomos direto pra disney assistir hsm3 pra eu fechar o pacote completo de choro né zenti ;1
acabei de ganhar uma camisa da nike muito show;1
 você sabia que o site da microsoft está hospedado em servidores linux ;0
já parei para pensar sobre o meu passado e perceber o quanto eu já fui idiota ;-1
sonheei com o garoto que eu gosto nossa que emoçãao ;1
quero ganhar camisa nike manchester home ou away original o mundo do esporte http sorteio user via user ;0
jogou user e fez 5899 pontos na música under an alias user http ;0
sou mário no nintendo eu esculacho no super ou no 64 eu eu tenho o yoshi kkkkkkkkk ;1
nossa q da hora o novo sony ericsson http ;1
dia 18 de junho diadoquímico parabéns a todos os colegas hehehe ;1
gente meu cabelo tá tão bom acho qe vou te ligar a twitcam;1
vo dormi duma vez pq amanhã o dia vai ser tenso boa noite;-1
até agora nenhuma surpresa na conferencia da microsoft e3 ;-1
se alguem olhar pra mim na aula e me ver dançando é pq to escutando asking alexandria uhsauhsauhsa não da pra ficar parado;1
grupo exaltasamba está participando do prêmio vagalume 2010 vote http ;0
absurdo a samsung está disponibilizando papéis de parede para celular e alguns deles apresentam cenas de violência contra gatinhos cont;-1
omg num consigo seguir mais ngm ;-1
 sigam user a maior e melhor festa de colégios do brasil 11;1
amanhã eu certamente vou me arrepender por não ter dormido cedo ;-1
eu sigo user e quero ganhar 1 tablet samsung galaxy estou concorrendo de rt e concorra tb infos http ;0
valeu a pena esperar pra comprar um samsung corby u ;1
tipo eu amo ficar postando fotos da tay no tumblr ;1
choveu mais uma vez por aqui que bom d;1
tênis mistura adidas superstar com visual do facebook http tua cara user;0
pqp que sofrido mano acaaabaaa juízzz ;-1
sorteio camisa nike oficial 3 dê rt desse tweet e siga user até hoje 15 12 as 12h http ;0
 sorteio sigo user e user quero ganhar 1 conjunto adidas http ;0
valor pedido pelo audi a7 no brasil equivale ao de três carros nos eua http vía user que absurdo ;-1
praiaaaaaaaaaaaaa muuuuito sol muito calor churras isso q eh vida ;1
acabou de fazer o check in rua sony 24 manaus brazil http ;0
e o nike rosa que minha mamis comprou pra ela morri dura lindissímo quero ele pra mim ;1
gentemmmmmmmmmm q raiva é essa ninguém desiste da prova eu heimmm viu o q a raiva faz com nosso corpo mastrata e nem sentimos;-1
conexão tecnológica patente da microsoft sugere sistema multiboot com http ;0
esse meu msn sempre escolhe as piores oras pra ficar cainduuu ¬¬ ;-1
paris hilton com a mesma cara em todas as fotos então ela é uma boneca de cera achei q a cara dela fosse é de pau ;-1
promoção quer ganhar um laptop sony vaio dê um rt siga user e user para concorrer http ;0
super promoção de fim de mês na compra de 20 fontes duex 500w real r 89 00 cd vc leva uma câmera digital samsung sl30 ;0
isso aew corinthias ;1
 a lotus da loucura em http aguardem ;0
as fotos do audi r8 lms ficaram incríveis http;1
promoção quer ganhar um laptop sony vaio dê um rt siga user e user para concorrer http;0
mamis comprou um relógio da gucci lindooo vou pegar para mim hahaha;1
da parabéns daqui a dois dias faço 1 mês de fc 6 sophiaabrahao live on http ;1
bom dia twiteiros nem sei se é assim que se escreve rs as provas acabaram de ferias da faculdade finalmente ;1
celular adidas http ;0
ti vejo lá rt user vou estar no mvp open day na microsoft dia 28 09 espero ver os feras mvps do momento mvpbr;1
bom dia to na minha cama daqui a pouco vou levantar e tomar banho depois não sei beijos nem eras desfila x;0
alguem ja add a comunidade sony sai de casa gamefutebol;0
na estrada indo para evento microsoft serviço mais software especial azure microsoft são paulo abraço a todos ;1
o site da sony tá uma bosta sempre em manutenção eisonyvtnc;-1
só preciso de você fernando ⹥;1
vamoooossss lualonenocriancaesperanca 1;1
cara como eu já to anojada desses fãs do restart qe fikam enxendo no orkut e falando mal da gi namorada do lanza eles tem ciumes seilá e ;-1
10 05 2011 09h30 atualizado em 10 05 2011 10h36 microsoft adquire a skype por us 8 5 bilhões;0
é dificil ir quando se quer ficar sorrir quando se quer chorar mas dificil mesmo é esqueçer quando se quer amar ;-1
voltei o comprei meu tenis da nike minha blusa da marimonroe ;1
até que enfim meu user pegou o nike dele de volta depois de 6 meses guardado na casa de um amigo dele ;1
acabei de assister awake um bom filme boa noite galera ;1
promo quer ganhar um samsung galaxy 5 da superfones saiba como gt http promoção sorteio;0
ganhe um playstation 2 slim sony promoção mamãe bebê do site de vendas da user clique e concorra http;0
estou tão feliz ;1
fudi meu pé na praça hoje puta que óh pariu ;-1
70 reais a inscrição pro circuito estações adidas lol vou correr a de novembro ;1
kra essa cadela fdp me odeia ou ela tem ciúme do rafa o o;-1
no magazinecuritiba hoje hd de 1 tera samsung esta de r 179 00 por r 152 00 a vista veja http retuite para seus amigos;0
perez hilton foi entrevistado pela vogue hommes japão e em alguns momentos ele fala sobre sua amizade com lady ga http ;0
pow acho que os caras da nintendo tao perdendo a criatividade com os polemon vey;-1
acho que vou me deitar ;0
auhsuahsuahs instalei meu velho nintendo de guerra mazáá super mario good times;1
lool eu vou ganhar um nike da user kkk s2;1
pra consegui fica perto do meu todo poderoso eu faria qualquer coisa soumanodomano;1
niver de um amigão hj vou ver os amigoooss viajando portooo ;1
o pior é qe a loja autorizada da sony ericson é longe pra caranba;-1
 dia sem graça;-1
jaqueta de couro adidas no pé baque de heroína e acelerar a 7 galo com aquele adesivo do nº 13 na frente pelas ruas de sp serialkiller;0
atenção turma3 do programa microsoft s2b em curitiba as aulas começam amanhã no lab do ctup ;0
máquinas para parque de diversões inspirado com personagens da nintendo http ;0
veja e responda teriam sido separados na maternidade http e ;0
conexão tecnológica samsung lança oficialmente bada 2 0 sua atualizad http ;0
experimetei ontem o nintendo 3ds muito legal;1
meu primo boquita ki arrumou minha net muito obg ;1
ser pequena e ainda no fundo da pista mereço;-1
assistindo planeta dos macacos kkkk filminho bobo ;-1
vencemos o fraquíssimo atlético pr com autoridade continue assim até o fim gremio 3 x 0;1
torneio pokémon para nintendo ds em brasília gyms normal e ghost de johto 19 06 no pátio brasil mais informações http ;0
atualização ⠼mango⠽ da microsoft será chamada de windows phone 7 5 gizmodo brasil http via user;0
a nike convido eu e o meu primo o gui pra surfar no rio;1
meu sobrinho está tão lindo fazendo caretinha e dando um role de nike zo ;1
o dudu e a user tão namorando;1
caraca incadritável como as previsões do meu horoscopo pra esse ano estão batendo certinho ;1
vou assistir hoje hahart user vooo ir assistir harry poter hahahah alguem qr ir essa semana xd;1
ad news adidas estreia websérie customizada no site da capricho http ;0
putz eu esqueci a minha carteira la no py ;-1
ganhei uma bolsa linda da nike do papiis ;1
eu odeio a samsung ainda mais qdo se compra um omnia 2 e ele está a mais de mês na garantia e eles não dão previsão de ficar pronto⠦;-1
que nada user um banho de chuva de vez em quando faz bem isso foi por vcs terem me enchido bem o saco na escola vc sabe o pq né;-1
22 22 xeque mate ou seja em breve terás quem desejas vou ficar até 22 22 esperando aqui uhahuhahah;0
fiz inscrição no canal de nintendo no youtube http ;0
feriado nacional amanhã o grandes homenagens serão feitas ;1
que golpe é incrível como quando tudo esta bem pra você a vida vem e da um jeito de estragar;-1
 vemgente quero ganhar o galaxy tab samsung da user seja meu amigoecglobal e me ajude a ganhar http via user;0
parabens fernanda vc fez a coisa certa;1
nao posso mexer no pc antes do almoço entao entrei no nintendo dsi pq ake tem wi fi;0
a iniciativa do user em reeducar os hábitos alimentares nos eua são plausiveis apoiado ;1
se você procura notícias sobre a paris hilton você precisa de um psicologo falomesmo;-1
bom dia e ótima quarta feira para todos hoje a agenda está cheia ;1
ahhhhh eu tenho q espera o nintendo carrega mais eu nao consigo ;-1
morrendo de rir com esses tuítes aqui xd;1
o que me dá mais raiva as vezes é a hipocrisia;-1
a outra coisa que me deixou alegre foi o experimento bem sucedido de extração de dna ;1
uma das melhores e mais inspiradoras propagandas que já vi adidas all in http;1
eu gostei de um vídeo do youtube conheça o portátil nintendo 3ds pt br http;1
estudante da uff que completava seu trabalho de conclusão de curso quer desistir e voltar para sua cidade após assalto armado uffnocqc;-1
acessando o twitter no meu nintendo dsi uhu vo assisti user;1
ontem foi muiiiiito bom festa da nike no arpex depois festa novamente cheguei em casa de madrugada cansadao hj é so relaxar;1
kkkkkk bom d user amanhã eu não trabalho p gente ir aí;1
 fica aí uma dica de filme uma noite fora de série muito booom vale a pena fui bjos ;1
hausahssu rindo muito agora obs já era para eu estar dormindo já que eu vou acordar cedo haha p;1
tempo bom em gv clima perfeito ;1
capa em silicone gel s type curve tpu premium para smartphone samsung galaxy sii preta apenas r 39 90 frete grátis http ;0
não poderia deixar de falar mais uma vez o tricolor carioca decepciona seus torcedores pobres coitados ;-1
 30 10 promoção monitor lcd 15 6 samsung 633nw de 439 00 por 359 00 em 6 parcelas http ;0
circuito das estações adidas 2011 http circuitodasestacoes;0
tentei assistir a fazenda cm a mami mas não dá está muito sem graça sem o user aai que saudades dele lá ;-1
tudo ao memos tempo agora uma coisa de cada vez aomesmo tempo agora ;0
tudo sobre as partidas de ontem pela uefa champions league uefa europa league e copa audi http ;0
começaram hoje as aulas da turma1 e turma2 do programa microsoft s2b em curitiba trilha desenvolvimento ;0
adooorei essa idéia user uma tv sem tela sim a samsung pensou nisso ;1
eu sigo o user e concorro a um nintendo wii clique http e participe também promocao zoonadocelular;0
muito feliz e satisfeito com a conferência da microsoft na e3 gte3;1
minha febre aumentou tô indo pro hospital aff ;-1
viciei na net do samsung star que meu pai achou e me deu hahah quero aproveitar e agradecer a mais de 1 290 seguidores por me seguir;1
odeiam qnd ligam e ficam em silêncio imagino tudo menos que a ligação ta ruim ;-1
oxii tem um povo no meu orkut que só entra no orkut pra ficar entrando em comunidades ¬¬;-1
sonho um dia vou ter uma r1 que moto é essa ;1
bnoite twittersrun bom encontrar amigos na adidas inverno em sp blog atualizado abracos http smam runningdivas;1
andré recebe joão sorrisão porgol marcado na estreia contra o flu http ge3;0
a aula hoje tava fácil até mas a aula de bioquímica tava super cansativa agora é só relaxar;0
sigam e rt user user sorteio em 07 01 hd 1 5tb samsung http http ;0
tudo sobre as partidas desta quarta feira pela champions league europa league e copa audi http ;0
só sai gol nessa copa quando o goleira franga afff ;-1
eu vou ganhar 1 tablet samsung galaxy dia 30 06 2011 estou seguindo user e concorrendo de rt e concorra tb infos multiloja com;0
yepeeeee ganhei um samsung galaxy 5 de niver adiantadooo é touch screen tem net orkut twitter facebook etc tem câmera e é lindo d;1
puuuuuuta maaaanoooo deu pau no meu sony dvd architect e não tava conseguindo instalar de novo que medo agora consegui ;-1
tudo sobre os jogos desta quarta feira pela uefa champions league supercopa da frança e copa audi http ;0
tô no trampo hoje ta suaavee ontem fooi coisa de louco maaas hj está do jeito que eu gosto curtindootrampo;1
veja a campanha de lançamento do novo sony xperia play http;0
porra n tenho paciencia pra fica upando de boa nesses joguinhos ;-1
agora vou ter 8000 microsoft points ;1
bom dia povo d;1
ai gente eu to tão feliz finalmente eu passei na recuperção;1
eu sempre quis ter o corpo de um atleta graças ao ronaldo isso já é possível d;1
alguem sabe o nome do filminho de ontem da aula do capelari ;0
keith urban é uma obra de arte;1
 não corrigimos falhas menores para não danificar o produto diz microsoft http g1 explica isso pro cliente soudev;-1
tudo sobre as partidas de ontem pela uefa champions league uefa europa league e copa audi http ;0
 a microsoft precisa repensar o ícone de salvar dos seus programas disquete não dá mais ;-1
tudo sobre os jogos desta quarta feira pela uefa champions league supercopa da frança e copa audi http ;0
ganhe um microsoft office 2010 professional http via user;0
qual seu celular ⠴ samsung http;0
surgem primeiras imagens do microsoft explorer touch mouse http via user;0
serio amy winehouse morreu;-1
porra não sei qual a animação do pessoal pra ficar vendo computadores por aí ¬¬ e ruim ainda sou mais sony ou dell do que hp;-1
inter vence milan nos pênaltis e é 3° colocado na copa audi gt http tudopravocecurtir;0
é o proximo premio do user d user testando samsung i9000;0
 tenho que concordar dessa vez acho que a sony forçou a barra a voz na breaking news não é do michael jackson parece um backstreet boy ;-1
comecei a jogar jonas pra nintendo ds é bem dificil mas divertido d;1
minha casa esta mal assombrada rapaaazzzz ;-1
a paris hilton tem algum tipo de sentimento pq ela está sempre com a mesma expressão ;-1
creio eu que nintendista é o ser mais insuportavel da face da terra pior que torcedor de futebol nintendo lt 3;-1
tirei 10 na prova de inglês mó tempo ki eu naum tenho uma nota dessa ;1
a falta de tweets do user é um espanto ;-1
muito legal o treino hoje estreiei o meu novo tênis nike ctr360 muito tri;1
quer ingressos p noitescariocas c zeca lulu encontro de orquestras brindes dê rt nesse tweet veja o regulamento http ;0
os exames microsoft user serão reajustados essa semana aproveite nosso treinamento e ganhe um voucher de 100 http ;0
a abertura da press conf da nintendo com as imagens de zelda e aquela orquestra fizeram rolar algumas lágrimas de nostalgia aqui ;1
hopi night eléktron estreia show inédito no brasil que une 3d laser e efeitos especiais http ;0
meu pai eh mtooo burro ele nao sabe mexer no microsoft office word kkkkk minha mae ta ficando irritada hahahah;-1
segunda corrida do audi dtcc em campo grande http via user;0
jogar futebol no nintendo snes é assim que a vida deve ser indoo;1
twitter perdendo a graça q;-1
olhar digital panasonic sony e samsung se unem para produzir padrão de óculos 3d http ;0
saindo aqui ;0
ae mlkada o user vai me arranja uma regata da nike e uma da adidas ahhahaah ;1
já ta quase chegando as ferias ;1
tem pessoas que quando agente tenta esquece parece que e ai que ela aparece ;-1
gabriel em casa moleque chato;-1
alguem ta vendo altas horas falandoo sobre a legalização gt lt ;0
naum eh possivel q naum tenha nenhum amigo disponivel p tomar uma breja;-1
ahh nem vou mais pra igreja titia ligou pra mamãe pra irmos pra lá como sempre vou ficar jogando nintendo com minha prima ;-1
tem muito peixe e peixe grande ;1
estudar quando chegar em casa q raiva;-1
 dançadosfamosos essa banda castiga os ouvidos prejudica os dançarinos;-1
affff maria pai que homem lindo é esse é user rsrsrsrs ;1
eu tava olhando minhas fotos é muita foto o;0
audi a5 dtm substituto do audi a4 dtm nas competições de alemãs turismo http ;0
alguém que me ama poderia me deixar jogar pottermore na sua conta porque eu apaguei meu e mail pra eu jogar e já chorei muito com isso d ;-1
vou ir comer um mc e depois vou ir no jogo com meu pai seca os gambas ahahahha;1
lançamentos sony para seu iphone 3gs http;0
eai sei nada pra faser gt tédio;-1
eu sigo a user a melhor loja de revenda da vivo com serviço delivery e concorro a 1 celular samsung 1086 http ;0
vou ter que usar o sony ericsson lixo ou o da claro mais lixo ainda ¬;-1
kra vou ter um infartoooo;-1
é triste ver o que a sony tem feito com o nome do michael em maio teremos um novo cd póstumo do rei do pop deixem no morrer ;-1
sorteio de um samsung star da user promocao vou ganhar ;1
ei galera vou fazer a tarefa do ni eureka ;0
queria que o principal produto da microsoft fosse desenvolver websites em html e css talvez assim eles se comoviam e desistiam dos ie ;-1
delicada como boneca sorteio do blog secador rosa e perfume adidas http;0
loja da nintendo comemorando os 25 anos de zelda http ;0
alguém sabe algum site qe veenda o nike dunk high ;0
o jogo do scooby doo foi mais legal até agora ;1
conexão tecnológica nvidia e microsoft deixam a pc gaming alliance http ;0
eu queroooooooooooooo rt user o boné nike do centenário ficou irado http ;1
veja a dança do sapo frog dance http ;0
sem contar que minha conexão com a velox parou do nada e eu pretendia ter uma conversa no msn antes de dormir que saco ;-1
78 meu notebook é o mais lindo ever sony vaio vermelho fosco ;1
ah que merda esse frio não da vontade de fazer nada ;-1
 passamos a amar não quando encontramos uma pessoa perfeita mas quando aprendemos a ver perfeitamente uma pessoa imperfeita ;1
minha amiga querida mirian http ;1
a marina foi pra prova;0
ei faça do seu dia da mulher o mais fantástico de todos passe aqui em casa haushuahsuhausa;1
putz vei toh tentando baixar o sony vegas no meu pc windows 7 naum mais naum to conseguindo alguem me ajude;-1
criptografia em dispositivos móveis mais que uma obrigação uma necessidade ;1
novo audi a6 2012 chega em setembro novo audi a6 2012 chega em setembro http ;0
salve o tricolor paulista amado clube brasileiro novositesoberano;1
pucpr traz executivo da microsoft para falar sobre impacto de tecnologias no mercado de trabalho http via user;0
pensa numa porcaria de celular ele se chama sony ericsson p;-1
pela primeira vez tenho vontade de comprar um protatil o psv está muito legal vamo ver o que a nintendo tem para mostrar daqui a pouco ;1
deus me surpreende a cada dia hj foi um deles ;1
acabou de postar uma nova foto http ;0
putz não consigo conectar a minha canon com o dragon stop motion ;-1
mais eu sei q nos podemos chegar a minha meta de hoje né então minhas coloridas os sigam e indiquem d;1
rsrsrs vc canta muito mal interativafm live on http ;-1
pessoal daqui a 30 minutos a nintendo se apresenta para a e3 2011;0
acabei de derramar um litro de água na cama s;-1
google e microsoft dominam 60 do tempo gasto pelo brasileiro na rede http;0
dica pra ganhar seguidores http com surpresa de seguidores;0
haaaaa troquei o meu cel agora tou com o samsung wave 533 ele é lindo ;1
entenda o que a sony fez comigo http ;0
o maior erro dos pais e nao admitir que nao foram adolescentes ;-1
paris hilton tem dinheiro mas é pobre de muitas coisas ;-1
dei meio dorminid para o leo e ele todo fortao http um inteiro kkkk foi todo relaxado para o mundo de bianca ;1
gente esqueci de contar hoje ganhei um nike muito fofo ;1
viajar amanhã obaaaaaaaaaaaaa ;1
usei o sh rh como creme de hidratação amei o resultado vale muito a pena gastar um pouquinho mais;1
parabéns a sony por estar chegando a loja playstation no brasil espero que o brasileiro saiba dar valor reclama que não tem nada;1
eu gostei de um vídeo do youtube http ;1
vou comprar meu nike ;1
parabéns corinthians somos mesmo uma nação ;1
eu gostei de um vídeo do youtube grandes vlogs fada do dente http ;1
batalha do século iphone 4 versus samsung galaxy s;0
eu sigo user e quero ganhar uma câmera digital samsung 14 2 na promoção http ;0
que video parado maaah loopes live on http ;-1
eu sei o que você está fazendo nintendo http ;0
legal é o nick chegando pra apresentar na abertura da loja da microsoft com seu iphone e ipad a tiracolo hahahaha isso aii nicholas ;1
muuuuitoo lindo o depoimento que eu recebi do meu amoor ;1
uma ótima idéia para a utilização das mídias sociais adidas name the london 2012 official match football http ;1
like e berenice foi show ontem no pavilhão da festa de santana e hoje vai ser show no xale em caicó ;0
combo claro flex 3 linhas com aparelhos e mais de 500 minutos para qualquer operador por apenas 197 90 1bb bold 9000 2 samsung c276 ;0
tenho uma adidas predator absolute pra vender d;0
estou feliz com o tempo que consegui fazer na corrida do circuito adidas etapa primavera ;1
oi voltei fui lah na backwash e comprei um nike 6 0 meio esquisito mais bunitinho ;1
que bom que as aulas começam quarta porque ai são só 3 dias de aula hsauhsuahsuha;1
hoje eu estou boladao;-1
vou comer pastellllllll;1
terça feira o sony disse que era viado gamefutebol;-1
meu deus todo santo dia eu me machuco ;-1
mp3 já está pela 2 vez na assistência técnica há 23 dias pergunta caso seja a situação de substituição a sony n poderia já ter feito ;-1
obrigado à microsoft por fuder com meu computador passarei mais algumas horas à noite tentando salvá lo ;-1
ja vou indo ja ta tarde bjssss;0
paris hilton pmmb pixelart que tal esse novo servico http muito mais seguidores pra voce;0
árbitro antonio f de carvalho schneider rj ladrão malditooooooooooooooooooooooooo;-1
pessoal promoçao do hd 1 tera sata2 samsung http confira no magazinecuritiba divulge com rt para seus amigos ;0
agora sim porra vamo que vamo como nos velhos tempos b;1
hj vou comecar a pegar firme nos estudos ;1
seis meses depois de organizar paris hilton em sua casa luke s deu a kesha a oportunidade de cantar vocais de fundo para o single de hilton;0
vo desligar o nintendo e ja volto;0
dia 07 no feriado vem curtir edição especial da liibra com lançamento da nike http;1
pessoas prometem coisas e nao cumprem falam demaaaaaaaais ;-1
a pop trade conquista top de marketing de 2011 case samsung ⠳ como ir da 4ª a 1ª no mercado adotando o trade marketing como prioridade;0
promoção tweete e ganhe sorteia uma câmera digital sony cybershot participe com apenas 1 tweete http tweeteganhe;0
vendo ufc andersonsilva;0
saaaaaindo aqui meus amores indo pro banhojinho beeijos lt 3;1
uma pessoa tão especiial aniversariando hoje user parabénsminhaamiga;1
eu tenho um driver samsung no xbox 360 e não consigo rodar o assassin s creed brotherhood me ajudem por favor vlw ;-1
uowww radiojornal sequência contornamos as dificuldades e tudo deu certo no final ;1
comprei um nike 6 0 ontem mto gay mas eh bunitinho ahsuahsuahsau;1
vcs ja viram algun ser humano usar o umbigo como forma ;0
boa tarde ;1
cara a apple faturando 10 bi a mais que a microsoft e famílias aqui no brasil com renda mensal de 50 reais nojo é pouco ;-1
eu sigo user e quero ganhar 1 tablet samsung galaxy estou concorrendo de rt e concorra tb infos http ;0
compras de nike e reebok axo xique adoro;1
oque você faz quando para num semáforo ao lado de um audi tt ouvindo linkin park gt gt gt gt aposta corrida ;1
show da user esse sabado vamo ae geral ;1
caaara esse nike que minha avó me deu é o melhor tenis que eu já calcei ever ;1
tudo sobre os jogos desta quarta feira pela uefa champions league supercopa da frança e copa audi http;0
sim e vc user ;0
se você pudesse ser convidado para a festa de aniversário de uma pessoa de quem seria ⠴ paris hilton http ;0
to super fudido em calculo i preciso de 30 em 34 superfudido;-1
só faltou o user pra propaganda da nike ficar perfeita ;1
eu sigo o user e concorro a um nintendo wii clique http e participe também promocao zoonadocelular;0
alguem tem um carregador da samsung para me emprestar ai s;0
rabo preso é outra coisa kkk user apple acusa samsung de copiar ipad e iphone http ;-1
 namco e microsoft lançam grátis maior jogo de pac man do mundo notícias http via user ;0
dias melhores estão por vir ;1
só se fala desse centenario q buceta grande bosta;-1
fui barrada sou perigosa medo;-1
photo ⠺ dou risada sozinho imaginando coisas que eu queria que acontecesse http;1
iniciando os teste do microsoft office 2010;0
a segunda morreu achatada contra o assoalho a terceira caiu na tua mão e foi a que mais doeu ;-1
hojeeeeeeeeee véspera de feriado limelight hi fi quinta e sexta limelight sábado hi fi lili eventos uol com br;0
lalah ferreira user ¬¬ ;0
quero jogar meu pokemon de nintendo ds mais como meu pc não liga e eu to no notbook não daa née heelll;-1
prefiro jogar a copa chevette e ganhar do que ir pra copa audi e tomar um banho de bola do time b do barcelona copaaudinoei;0
flw lindos vou jogar super mario no nintendo ke eu acabei de achar ;1
perdi meu celular samsung omnia pro b7320l ;-1
daew gente tenho 2 noticias ruim e boa a boa e qe vou ganhar um nintendo wii⸺ a ruim e qe amanha vou ter prova⸹;0
hoje a tarde a user já estará no user montando toda a estrutura do audi dtcc para este final de semana ;0
ótima idéia do user rt user hd externo é feito em fita de super nintendo http ;1
tenho uma chuteira da adidas pra vender p;0
não sou tão fã do ronaldo mas esse comercial da nike é realmente digno de uma lenda http ;1
me deu uma tristeza do nada dai a user fala peraí que eu vou botar uma musica pra tu chorar o kkk sálouca lt 3;-1
melhor dizendo eu sou feia né;-1
kkkkkkkkk o pessoal da sony coloco vmb kkkkkkk bando de burros nossa olha só;-1
um monitor sem fios de 27 polegadas da samsung lançamentos techtudo http via user;0
to na igreja é muito barulho ;-1
paarabens meu amor estou muito feliz user quero te ver com todos seu planos sonho e desejos realizados lvu;1
só é dificil me ver alegre ;-1
uns ainda m falam q o eltinho é melhor do q o lucas mendes soh pq ele ataca o lucas mendes naum ia fazer aquelas merdas ;-1
escolhi você no meio de 7 bilhões de pessoas e escolheria de novo no meio de 14 trilhões se necessário ;1
adoro o bigfollow pois é simples e objetivo http ;1
aah user mimiu aki a gente saiu juntas ontem foi muito boooom o o o ;1
perguntas desconexas o que fede mais cocô ou xixi sony lhe respeita como consumidor ;-1
só 10 caixas postais rt user rt user uol host e microsoft anunciam o lançamento do uol host exchange http ;0
fiquei a tarde toda com as minhas amiugas os lindos e o lindo do luís d;1
câmera digital samsung es70 r 270 00 c frete incluso pra todo o brasil entrem em contato ;0
puta q pariu tem 3 seres aki de 7 anos me enchendo ;-1
começando um dos melhores eps de seinfeld na sony agora o do estacionamento run ;1
ensaio fui;0
nada bom⠦ menos de 10bb s⠦ agora é cruzar os dedos⠦ rsopen;-1
aii eu amo vcs beliebers o que seria de mim sem outras fãss ;1
capa em silicone gel s type curve tpu premium para smartphone samsung galaxy sii apenas r 39 90 frete grátis http ;0
eu quero ganhar 1 tablet samsung galaxy dia 30 06 2011 estou seguindo user e concorrendo de rt e concorra tb infos multiloja com;0
 ganhe um playstation 2 slim sony promoção mamãe bebê do site de vendas da user clique e concorra http;0
uhuuuu meu celular samsung galaxy ta quase chegando android voltou hááááá´ ;1
hd externo samsung 1tb por apenas 254 00 no user http já comprei obrigado user pela dica ;0
é muita coisa errada pra um mundo só ;-1
 do projeto do user e user na argentina http dessa vez uma matéria da sony de lá ;1
que preguiça de levanta da cama s;-1
fiz 15 anos o ;1
quero ganhar uma bela camera digital samsung es65 é só seguir a user e concorrer http compex21anos sempre com você ;0
hj o mario completa 30 anos uns dos icones da nintendo que nasceu em 1981 e hj completa 30 anos happybirthdaymario;1
steam recebe a versão errada de dead island dos desenvolvedores faltando poucos dias para o lançamento de dea http;-1
passando só para dar boa noite ;1
o nike do chaz ortiz é muito lindoooo;1
novos eee pc depois de usarmos linux para conseguir descontos da microsoft no round 1 só vendemos com windows agora surpresa ;1
 gt 24 h spa filipe albuquerque e a audi em spa com objectivo bem definido queremos vencer ⠴ http ;1
jogando nintendo wii ;1
ai que raiva tô a dias tentando instalar a uma atualização do samsung apps e nada ;-1
meu pai levou o pc pra formatar e ele ta bem estranho sumiram os favoritos e tals uxaaaa;-1
kkkkkkkkkk a nintendo mostrou o wiiu foi poir q vê a vó pelada ;-1
quem já está inscrito e registado para o evento na microsoft windows phone 7 e não tem meio de deslocação http ;0
03 11 promoção monitor lcd 22 samsung t220 de 649 00 por 549 00 6x http ;0
a samsung é melhor propagandasemfrescura;1
esperando o hamburguer chegar ta demorando pra crlh pra chegar já mané namoral ;-1
workshop de gestão e relacionamento com clientes em clínicas e hospitais neste sábado http ;0
faz plakinha pra mim meuu giuliafrota live on http ;1
 o jeito é dar uma corridinha com vc rsss fui com o maridão rsss ;1
entre indas e vindas me resumo feliz entre altos e baixos me resumo equilibrada;1
sigam e rt user user sorteio em 07 01 hd 1 5tb samsung http http ;0
e também estou muito ansiosa para que chegue logo dezembro pra que minha amiigah lays chegue logo to morrendo de saudades l ⹥;1
estive lendo twittes aqui só rindo e alto ;1
anciosa pra ver a despedida de user vc sempre sera inesquecivél;1
arrumando as malas ;0
que bosta vão ficar com ps vita pessoal da sony tá ruim para nomes ;-1
site para profissionais certificados da microsoft é atualizado http ;0
heei amanhã faço 16 anos hihi me da parabéns adiantado giiograssi live on http ;1
review audi a1 a dinâmica porta de entrada jalopnik brasil http via user;0
acho que irei pintar meu cabelo de preto ;0
aula de português um téeedio ;-1
jesus como é bom te ter comigo eu te amo mais do eu mesma possa imaginar meu lindo sou totalmente dependente de ti ;1
minha mãe conseguiu instalar o super nintendo aqui em casa kkkkkkkk to relembrando os velhos tempos muito doido poskaopksa;1
audi r8 elton john leiloa dois exemplares cromados audi r8 elton john leiloa dois exemplares cromados http;0
vou cópiar a matéria e depois me arrumar ;0
bom dia aos brilhantes profissionais user user user user user user user ;1
aaaaaaaaaaaaaaaaaaaaah que merda ainda tenho mais uma aula hj a noite ;-1
twittersrun midia sport divulga as fotos da adidas inverno sp 2011 http ;0
ainda bem que amanha nao vai ter aula;1
eu quero ganhar o nintendo wii que o user vai sortear dia 27 10 20 00 hrs rt e follow user http p;0
quero ganhar meu samsung star na user;0
comi brigadeiro e minha tia ta fazendo morango com creme de leite será que dou conta oo ;1
pronto lele mari e isa não vou esquecer user user user;1
ah user o mundo vai acabar e eu nem casei ainda viu querosairdocatitó;-1
promo concorra 1 samsung galaxy 5 saiba como gt http promoção sorteio;0
eu quero ganhar o nintendo wii que o user vai sortear dia 27 10 20 00 hrs rt e follow user http p;0
fui enganado pelo conceito da marca me sinto um idiota completo como um mp3 fabricado pela sony pode ser tão decepcionante ;-1
boa noiite fiel corinthiansisbiggerthancnn user;1
oi gente hj me decepsionaram qando eu descobri que ao meu redor tem poucas pessoas confiáveis e o resto é tudo gente hipócrita e falsa;-1
estou postando fotinhos no face ;1
 sorteio 2 tênis nike fem cadastre se no site http participe aqui http lojatenisonline twitpromo;0
 vem cá sou só eu que odaaaayo quando eles falam no sony entertainment television ;-1
corram lances por r 0 50 até o início do leilão de um hd externo 500gb preto samsung http promocao kuasedegraca;0
clique aqui para chegar é bing maps http mtd2010;0
conheça o samsung galaxytab techlider o seu blog de tecnologia http ;0
hoje eu vi uma menininha com um tennis da nike roxo tão lindu rs;1
simplesmente inadimissível enquano a globo cbf e nike escalarem o time vai ser isso aí e 2014 tá chegando que vergonha ;-1
patrimônio do blog os amigos da onça gt duas câmeras digitais fujifilm jx 280 e sony cibershot três noteboo⠦ cont http ;0
eu quero o nintendo 3ds cosmo black que a user está sorteando http ;0
lançamentos sony para seu iphone 3gs http ;0
assistência da samsung em florianópolis além de mentirosa uma bela porcaria ;-1
alguem ja addicionou a comunidade sony sai de casa gamefutebol;0
as vezes bate um medo ;-1
hooje fui na loja e peguei muuuuuuuuuuuuita roupa muito bom e depois niver do calvin hauhahaha huhu ;1
os dois filhos de devassa tuiteumfilmecomdevassa;0
soulja boy swag flu ft birdman gucci mane a melhor músicaaa;1
é tempo de honrar meu pai meu deus que amo creio e confio ;1
muito bom user ótimo adidas faz vídeos interativos em nova campanha http ;1
indico user user user user user user user 4;0
vamoos ganhaar vascoooooo;1
gosto do bigfollow pq eh simples e objetivo http ;1
to com muita dor de cabeça que nunca passa ;-1
a sony e as suas promoções http;0
ahhhhh liindooss amoo vcs fiuk live on http ;1
 quero ganhar um nike 6 0 que a user está sorteando http ;1
literalmente muitooo feliz ganhei um tenis da adidas mt shou adoreiiii ;1
hd samsung 1 tera sata2 ta na promo hj só r 175 00 a vista http ;0
presidente da nintendo se desculpa pelo fracasso do 3ds leitura games http;-1
twittersrun o2 divulga as fotos do adidas sp inverno http ;0
véspera de feriado e nem pra turma combinar de ir embora ;-1
excelente ideia para o natal presentei seu amor com a mais nova fragância masculina da gucci sport pour homme http;1
 prazer chandler bing do gaélico bing significa seu peru está pronto bing chandler sensacional rs ;1
